name,type,address,region,sido,sigungu,lat,lng,precision,opened,note,source_url
경기광주1센터,풀필먼트센터,경기도 광주시 도척면 진우리 1006번지,경기남부,경기도,광주시,37.308266,127.315530,읍면동,,"경량물, 상온 센터",
경기광주3센터,풀필먼트센터,"경기 광주시 문형동 902, B동",경기남부,경기도,광주시,37.398400,127.259526,시군구,,5Kg 이하의 소형 화물 전용,
경기광주5센터,풀필먼트센터,경기 광주시 문형동 900,경기남부,경기도,광주시,37.398400,127.259526,시군구,,Dry / Grande Center,
곤지암1센터,풀필먼트센터,경기 광주시 곤지암읍 열미리 416-3,경기남부,경기도,광주시,37.363791,127.382179,읍면동,,신선 센터,
곤지암2센터,풀필먼트센터,경기 광주시 곤지암읍 신대리 281,경기남부,경기도,광주시,37.363791,127.382179,읍면동,,,
동탄1센터,풀필먼트센터,경기도 화성시 동탄물류1로 13(신동),경기남부,경기도,화성시,37.187952,126.965189,시군구,,,
마장1센터,풀필먼트센터,"경기도 이천시 마장면 해월리 산64, 3층",경기남부,경기도,이천시,37.249767,127.370866,읍면동,,,
서울1센터,풀필먼트센터,서울 송파구 장지동 674번지 E동,경기남부,서울특별시,송파구,37.482789,127.131629,읍면동,,"경량물, 상온 센터",
안성4센터,풀필먼트센터,경기 안성시 죽산면 장능리 35-4,경기남부,경기도,안성시,37.048791,127.421876,읍면동,,"중량물, 상온",
안성5센터,풀필먼트센터,경기도 안성시 원곡면 원곡물류단지 1로61,경기남부,경기도,안성시,37.055993,127.147568,읍면동,,,
안성8센터,풀필먼트센터,경기도 안성시 일죽면 능국리산 34-9,경기남부,경기도,안성시,37.098192,127.469015,읍면동,,,
양지3센터,풀필먼트센터,경기 용인시 처인구 양지읍 양지리 90-7,경기남부,경기도,용인시처인구,37.219119,127.233377,시군구,,"소규모 센터, 공정 구분 없는 Hybrid(입+출고) 공정",
양지4센터,풀필먼트센터,경기 용인시 처인구 양지읍 양지리 920,경기남부,경기도,용인시처인구,37.219119,127.233377,시군구,,신선 센터,
양지7센터,풀필먼트센터,경기 용인시 처인구 양지읍 양지리 920,경기남부,경기도,용인시처인구,37.219119,127.233377,시군구,,,
여주1센터,풀필먼트센터,경기도 여주시 점봉동 204-3,경기남부,경기도,여주시,37.310027,127.604337,시군구,,,
여주2센터,풀필먼트센터,경기도 여주시 점봉동 204-3,경기남부,경기도,여주시,37.310027,127.604337,시군구,,,
용인1센터,풀필먼트센터,"경기 용인시 처인구 백암면 백봉리 488, 2층",경기남부,경기도,용인시처인구,37.143964,127.379796,읍면동,,,
용인3센터,풀필먼트센터,경기도 용인시 처인구 남사면 처인성로 1027 1층,경기남부,경기도,용인시처인구,37.219119,127.233377,시군구,,신선 센터,
용인5센터,풀필먼트센터,경기도 용인시 처인구 남사면 처인성로 1027 1층,경기남부,경기도,용인시처인구,37.219119,127.233377,시군구,,신선 센터,
이천1센터,풀필먼트센터,경기도 이천시 부발읍 중부대로 1763번길 80-7,경기남부,경기도,이천시,37.273121,127.506817,읍면동,,그란데 센터,
이천2센터,풀필먼트센터,경기도 이천시 마장면 이장로 329-38,경기남부,경기도,이천시,37.249767,127.370866,읍면동,,소화물 센터(평균 500g),
이천3센터,풀필먼트센터,경기도 이천시 대월면 대대리 303,경기남부,경기도,이천시,37.212851,127.497772,읍면동,,소화물 센터(평균 500g),
이천4센터,풀필먼트센터,경기 이천시 부발읍 송온리 442,경기남부,경기도,이천시,37.273121,127.506817,읍면동,,소화물 센터,
호법1센터,풀필먼트센터,경기도 이천시 호법면덕평로 257-21,경기남부,경기도,이천시,37.229724,127.469703,시군구,,,
성남2센터,풀필먼트센터,"경기 성남시 분당구 야탑동 403, B2F",경기남부,경기도,성남시분당구,37.413060,127.126032,읍면동,,신선 센터,
인천4센터,풀필먼트센터,인천 검단구 오류동 1545-2,인천·경기북부,인천광역시,검단구,37.541291,126.667512,시군구,,"경량물, 상온",
인천5센터,풀필먼트센터,인천광역시 서구 오류동 1544-2번지,인천·경기북부,인천광역시,검단구,37.541291,126.667512,시군구,,상온,
인천13센터,풀필먼트센터,인천 서해구 원창동 391-21,인천·경기북부,인천광역시,서해구,37.541291,126.667512,시군구,,상온,
인천14센터,풀필먼트센터,인천광역시 중구 축항대로 165번길 20 (인천광역시 중구 항동7가 31-4번지),인천·경기북부,인천광역시,제물포구,37.471411,126.572639,시군구,,"경량물, 상온",
인천16센터,풀필먼트센터,인천광역시 중구 항동7가 104-1,인천·경기북부,인천광역시,제물포구,37.471411,126.572639,시군구,,상온,
인천26센터,풀필먼트센터,인천 서구 원창동 391-9,인천·경기북부,인천광역시,서해구,37.541291,126.667512,시군구,,상온,
인천28센터,풀필먼트센터,인천 서구 원창동 391-9,인천·경기북부,인천광역시,서해구,37.541291,126.667512,시군구,,상온,
인천30센터,풀필먼트센터,인천광역시 서구 석남동 223-41,인천·경기북부,인천광역시,서해구,37.510194,126.668594,읍면동,,"경량물, 상온",
인천36센터,풀필먼트센터,인천 서구 원창동 391-9,인천·경기북부,인천광역시,서해구,37.541291,126.667512,시군구,,"경량물, 상온",
인천45센터,풀필먼트센터,인천광역시 미추홀구 염전로143번길 45,인천·경기북부,인천광역시,서해구,37.454418,126.667847,시군구,,상온,
인천47센터,풀필먼트센터,"인천 제물포구 신흥동3가 49(4, 5층)",인천·경기북부,인천광역시,제물포구,37.471411,126.572639,시군구,,상온,
인천49센터,풀필먼트센터,,인천·경기북부,,,,,주소없음,,원본에 주소 정보 없음,
고양1센터,풀필먼트센터,경기도 고양시 덕양구 원흥동 701,인천·경기북부,경기도,고양시덕양구,37.642104,126.858532,시군구,,상온,
고양3센터,풀필먼트센터,경기도 고양시 덕양구 원흥동 701 (1F),인천·경기북부,경기도,고양시덕양구,37.642104,126.858532,시군구,,반품(AR) 센터,
부천1센터,풀필먼트센터,경기도 부천시 오정구 신흥로 511번길80,인천·경기북부,경기도,부천시오정구,37.527525,126.799439,시군구,,상온,
TW1,풀필먼트센터,"인천 서해구 원창동 394-9, (10, 11층)",인천·경기북부,인천광역시,서해구,37.541291,126.667512,시군구,,대만역직구센터,
시흥2센터,풀필먼트센터,경기도 시흥시 정왕동 2123-3 (3-7층),인천·경기북부,경기도,시흥시,37.345505,126.706348,읍면동,,상온,
시흥3센터,풀필먼트센터,경기도 시흥시 정왕동 2123-3 (9층),인천·경기북부,경기도,시흥시,37.345505,126.706348,읍면동,,상온,
안산2센터,풀필먼트센터,"경기 안산시 단원구 성곡동 796 (1,2층)",인천·경기북부,경기도,안산시단원구,37.322204,126.789394,시군구,,상온,
안산3센터,풀필먼트센터,"경기 안산시 단원구 성곡동 796 (3,4층)",인천·경기북부,경기도,안산시단원구,37.322204,126.789394,시군구,,상온,
인천11센터,풀필먼트센터,인천 제물포구 항동7가 95-3,인천·경기북부,인천광역시,제물포구,37.471411,126.572639,시군구,,신선 센터,
인천12센터,풀필먼트센터,인천 서해구 경서동 1079-2,인천·경기북부,인천광역시,서해구,37.541291,126.667512,시군구,,신선 센터,
인천15센터,풀필먼트센터,인천 제물포구 항동7가 95-3,인천·경기북부,인천광역시,제물포구,37.471411,126.572639,시군구,,신선 센터,
인천17센터,풀필먼트센터,인천광역시 중구 항동7가 104-1,인천·경기북부,인천광역시,제물포구,37.471411,126.572639,시군구,,신선 센터,
인천22센터,풀필먼트센터,"인천 서구 원창동 394-20, 1층",인천·경기북부,인천광역시,서해구,37.541291,126.667512,시군구,,신선 센터,
인천37센터,풀필먼트센터,인천 서구 원창동 391-9,인천·경기북부,인천광역시,서해구,37.541291,126.667512,시군구,,신선 센터,
인천39센터,풀필먼트센터,인천 중구 축항대로 165번길 20 1-3층,인천·경기북부,인천광역시,제물포구,37.471411,126.572639,시군구,,신선 센터,
인천40센터,풀필먼트센터,인천 서구 오류동 1578-2,인천·경기북부,인천광역시,검단구,37.541291,126.667512,시군구,,신선 센터,
인천48센터,풀필먼트센터,인천 중구 항동7가 95-3,인천·경기북부,인천광역시,제물포구,37.471411,126.572639,시군구,,신선 센터,
부천2센터,풀필먼트센터,경기도 부천시 오정구 신흥로 511번길 112,인천·경기북부,경기도,부천시오정구,37.527525,126.799439,시군구,,신선 센터,
시흥1센터,풀필먼트센터,"경기도 시흥시 만해로 43, 로지스코 시흥 (1-2층)",인천·경기북부,경기도,시흥시,37.381582,126.769996,시군구,,신선 센터,
천안1센터,풀필먼트센터,충청남도 천안시 서북구 입장면 용정리 2길22,중남부,충청남도,천안시서북구,36.910442,127.225837,읍면동,,,
천안2센터,풀필먼트센터,충청남도 천안시 서북구 성거읍 오목리산22-1,중남부,충청남도,천안시서북구,36.873828,127.195150,읍면동,,,
천안3센터,풀필먼트센터,충청남도 천안시 서북구 성거읍 오목리산22-1,중남부,충청남도,천안시서북구,36.873828,127.195150,읍면동,,,
천안6센터,풀필먼트센터,충남 천안시 서북구 입장면 용정도하길 181,중남부,충청남도,천안시서북구,36.910442,127.225837,읍면동,,,
천안8센터,풀필먼트센터,충청남도 천안시 서북구 입장면 용정도하길 495,중남부,충청남도,천안시서북구,36.910442,127.225837,읍면동,,,
창원1센터,풀필먼트센터,경상남도 창원시 진해구 두동로 33(3층),중남부,경상남도,창원시진해구,35.143930,128.709971,시군구,,,
창원2센터,풀필먼트센터,경상남도 창원시 진해구 두동로 34 (B동 1~2F),중남부,경상남도,창원시진해구,35.143930,128.709971,시군구,,신선 센터,
창원3센터,풀필먼트센터,경상남도 창원시 진해구 두동로 34,중남부,경상남도,창원시진해구,35.143930,128.709971,시군구,,,
창원4센터,풀필먼트센터,경상남도 창원시 진해구 두동로 33,중남부,경상남도,창원시진해구,35.143930,128.709971,시군구,,,
대구1센터,풀필먼트센터,"경북 칠곡군 지천면 연화리 700, 10동",중남부,경상북도,칠곡군,35.961955,128.487395,읍면동,,상온 센터,
대구2센터,풀필먼트센터,"경북 칠곡군 지천면 연화리 700, 9동",중남부,경상북도,칠곡군,35.961955,128.487395,읍면동,,,
대구3센터,풀필먼트센터,대구 달성군 구지면 응암리 1280,중남부,대구광역시,달성군,35.657152,128.402540,읍면동,,상온 센터,
대구4센터,풀필먼트센터,경상북도 칠곡군 지천면 산단터널로 236-19,중남부,경상북도,칠곡군,35.961955,128.487395,읍면동,,신선 센터,
대구6센터,풀필먼트센터,"경북 칠곡군 지천면 연화리 700, 8동",중남부,경상북도,칠곡군,35.961955,128.487395,읍면동,,상온 센터,
대구7센터,풀필먼트센터,대구 달성군 구지면 응암리 1280,중남부,대구광역시,달성군,35.657152,128.402540,읍면동,,상온 센터,
대구8센터,풀필먼트센터,대구 달성군 구지면 응암리 1280,중남부,대구광역시,달성군,35.657152,128.402540,읍면동,,상온 센터,
대전1센터,풀필먼트센터,대전 동구 구도동 397,중남부,대전광역시,동구,36.331842,127.448698,시군구,,,
금왕2센터,풀필먼트센터,충북 음성군 금왕읍 금왕테크노로 14 (1-2층),중남부,충청북도,음성군,36.988094,127.573363,읍면동,,중량물 센터(Heavy & Bulky),
금왕3센터,풀필먼트센터,"충북 음성군 금왕읍 봉곡리 576, 음성 복합물류센터 4층",중남부,충청북도,음성군,36.988094,127.573363,읍면동,,중량물 반품 센터,
김해1센터,풀필먼트센터,경상남도 김해시 진례면 테크노밸리로 220,중남부,경상남도,김해시,35.242465,128.757846,읍면동,,신선 센터,
전라광주1센터,풀필먼트센터,광주광역시 광산구 연산동 1121-3,중남부,광주광역시,광산구,35.168281,126.795258,시군구,,,
전라광주2센터,풀필먼트센터,광주광역시 광산구 연산동 1285,중남부,광주광역시,광산구,35.168281,126.795258,시군구,,상온 센터,
전라광주3센터,풀필먼트센터,광주 광산구 연산동 125,중남부,광주광역시,광산구,35.168281,126.795258,시군구,,신선 센터,
전라광주4센터,풀필먼트센터,광주 광산구 연산동 1250,중남부,광주광역시,광산구,35.168281,126.795258,시군구,,상온 센터,
전라광주5센터,풀필먼트센터,광주광역시 광산구 연산동 1285,중남부,광주광역시,광산구,35.168281,126.795258,시군구,,상온 센터,
경산1센터,풀필먼트센터,경북 경산시 진량읍 문천리 903,중남부,경상북도,경산시,35.870500,128.834844,읍면동,,신선 센터,
경산2센터,풀필먼트센터,경북 경산시 진량읍 문천리 903,중남부,경상북도,경산시,35.870500,128.834844,읍면동,,반품 센터,
목천1센터,풀필먼트센터,충청남도 천안시 동남구 수신면 5산단로 185,중남부,충청남도,천안시동남구,36.725258,127.285915,읍면동,,,
양산1센터,풀필먼트센터,경남 양산시 물금읍 제방로 27,중남부,경상남도,양산시,35.315195,129.000807,읍면동,,,
평택1센터,풀필먼트센터,경기도 평택시 포승읍 하만호길 153,중남부,경기도,평택시,36.987741,126.860636,읍면동,,상온 센터,
평택2센터,풀필먼트센터,경기도 평택시 포승읍 하만호길 153,중남부,경기도,평택시,36.987741,126.860636,읍면동,,신선 센터,
평택5센터,풀필먼트센터,경기도 평택시 포승읍 희곡리 847,중남부,경기도,평택시,36.987741,126.860636,읍면동,,,
JCH2 Sub-FC,서브FC,"제주특별자치도 제주시 조천읍 와흘로 244, 1층",제주,제주특별자치도,제주시,33.472620,126.667175,읍면동,,,
ODD2 Sub-FC,서브FC,"제주특별자치도 제주시 한북로 112, 3층",제주,제주특별자치도,제주시,33.493098,126.521232,시군구,,,
ODD4 Sub FC,서브FC,제주특별자치도 제주시 한북로 112,제주,제주특별자치도,제주시,33.493098,126.521232,시군구,,,
광주 2 Sub FC,서브FC,광주광역시 광산구 연산동 1178 7층,광주전남,광주광역시,광산구,35.168281,126.795258,시군구,,,
군포 1 Sub FC,서브FC,경기도 안산시 상록구 사사동 119-18 3층,경기남부,경기도,안산시상록구,37.311106,126.861985,시군구,,,
김포 1 Sub FC,서브FC,경기도 김포시 양촌읍 대포리 455 (대포산단로 73),경기남부,경기도,김포시,37.640969,126.624108,읍면동,,,
김해5 SR-FC,서브FC,경상남도 김해시 상동면 상동로 680-70,경남,경상남도,김해시,35.318160,128.918151,읍면동,,,
남김해 2 Sub FC,서브FC,경상남도 김해시 안동 163-2(김해대로2635번길 63),경남,경상남도,김해시,35.247151,128.855028,시군구,,,
남양주 2 Sub FC,서브FC,경기도 남양주시 진전읍 금강로 1281번길 24-1 3층,경기북부,경기도,남양주시,37.651108,127.210844,시군구,,,
남양주 3 Sub FC,서브FC,경기도 남양주시 화도읍 차산리 434-6 3층,경기북부,경기도,남양주시,37.652818,127.315561,읍면동,,,
대전 2 Sub FC,서브FC,대전광역시 동구 구도동 397 5층,대전,대전광역시,동구,36.331842,127.448698,시군구,,,
대전 3 Sub FC,서브FC,세종특별자치시 부강면 문곡리 135-1,대전 세종,세종특별자치시,세종시,36.523939,127.378559,읍면동,,,
부산 5 Sub FC,서브FC,부산광역시 기장군 장안읍 반룡리 836-1,부산,부산광역시,기장군,35.349566,129.247088,읍면동,,,
부천3 Sub FC,서브FC,경기도 부천시 오정구 신흥로 511번길 80(C2번게이트 3층 A306),경기남부,경기도,부천시오정구,37.527525,126.799439,시군구,,,
서대구1 Sub FC,서브FC,경상북도 칠곡군 왜관읍 낙산리 산7-10(보병1길 66),경북 대구,경상북도,칠곡군,35.977306,128.424765,읍면동,,,
서부산 1 Sub FC,서브FC,"부산광역시 서구 암남동 633-26, 6층",부산,부산광역시,서구,35.069984,129.014415,읍면동,,,
서초 1 Sub FC,서브FC,서울특별시 서초구 양재동 222 (양재대로12길 18),서울,서울특별시,서초구,37.469558,127.022531,읍면동,,,
송파3 Sub FC,서브FC,서울특별시 송파구 송파대로 55 복합물류 D동 지하1층,서울,서울특별시,송파구,37.504277,127.116966,시군구,,,
야탑 1 Sub FC,서브FC,경기도 성남시 분당구 야탑동 403 야탑물류센터,경기남부,경기도,성남시분당구,37.413060,127.126032,읍면동,,,
안양 1 Sub FC,서브FC,경기도 안양시 동안구 관양동 934 6층,경기남부,경기도,안양시동안구,37.410999,126.964006,읍면동,,,
울산1 Sub FC,서브FC,울산시 북구 효문동 1032,울산,울산광역시,북구,35.569711,129.373187,읍면동,,,
인천 3 Sub FC,서브FC,인천광역시 서구 원창동 394-20 (남청라스마트로지스틱스 5층),인천,인천광역시,서해구,37.541291,126.667512,시군구,,,
인천2 Sub FC,서브FC,인천광역시 남동구 논현고잔로 87,인천,인천광역시,남동구,37.445450,126.722522,시군구,,,
인천34 SR-FC,서브FC,인천광역시 서구 북항로120번길 55 (원창동 391-9),인천,인천광역시,서해구,37.541291,126.667512,시군구,,,
일산 5 Sub FC,서브FC,경기도 고양시 덕양구 오금동 687,경기북부,경기도,고양시덕양구,37.642104,126.858532,시군구,,,
일산1 Sub FC,서브FC,경기도 파주시 상지석동 190-62,경기북부,경기도,파주시,37.792734,126.784554,시군구,,,
일산2 Sub FC,서브FC,경기도 김포시 고촌읍 전호리 743,경기남부,경기도,김포시,37.606561,126.763324,읍면동,,,
전주1 Sub FC,서브FC,전북특별자치도 완주군 봉동읍 둔산리 924-31(완주산단2로 282-22),전북,전북특별자치도,완주군,35.950181,127.137852,읍면동,,,
제주 2 Sub FC,서브FC,"제주특별자치도 제주시 애월읍 장전리 1363-9, 지하 1층",제주,제주특별자치도,제주시,33.410865,126.394018,읍면동,,,
천안 1 Sub FC,서브FC,충청남도 아산시 음봉면 송촌리 416(음봉로 232),충남,충청남도,아산시,36.857980,127.047906,읍면동,,,
청주 1 Sub FC,서브FC,충북 진천군 초평면 은암리 406-8 (1층),충북,충청북도,진천군,36.829850,127.531055,읍면동,,,
화성1 Sub FC,서브FC,화성시 정남면 제기리 183,경기남부,경기도,화성시,37.161619,126.986225,읍면동,,,
경기 광주 4 Cluster,서브허브,"경기도 광주시 오포로 297번길 12, 지하1층",경기남부,경기도,광주시,37.398400,127.259526,시군구,,,
경기 광주 6 Cluster,서브허브,경기도 광주시 오포로 297번길 12 1층,경기남부,경기도,광주시,37.398400,127.259526,시군구,,,
광주 1 Sub-hub,서브허브,광주광역시 연산동 1178 3층,광주전남,광주광역시,광산구,35.168281,126.795258,시군구,,,
광주 2 Sub-hub,서브허브,광주광역시 연산동 1178 5층,광주전남,광주광역시,광산구,35.168281,126.795258,시군구,,,
광주 7 Cluster Hub,서브허브,전라남도 장성군 서삼면 물류로 335 A동,광주,전라남도,장성군,35.349791,126.751598,읍면동,,,
군포 1 Sub-hub,서브허브,경기도 안산시 상록구 사사동 119-18,경기남부,경기도,안산시상록구,37.311106,126.861985,시군구,,,
김포 1 Sub-hub,서브허브,경기도 김포시 양촌읍 대포리 455(대포산단로 73) 5층,경기남부,경기도,김포시,37.640969,126.624108,읍면동,,,
김해4 Cluster Hub,서브허브,경상남도 김해시 상동면 대감리 5-8,경남,경상남도,김해시,35.318160,128.918151,읍면동,,,
남김해 1 Sub-hub,서브허브,경상남도 김해시 안동 163-2 외 4필지 김해복합물류센터 7-1층,경남,경상남도,김해시,35.247151,128.855028,시군구,,,
남양주 2 Sub-hub,서브허브,"경기도 남양주시 진접읍 내각리 99-5 , 1층",경기북부,경기도,남양주시,37.725635,127.192975,읍면동,,,
남양주 3 Sub-hub,서브허브,경기도 남양주시 화도읍 차산리 434-6,경기북부,경기도,남양주시,37.652818,127.315561,읍면동,,,
남양주 4 Sub-hub,서브허브,경기도 남양주시 화도읍 차산리 434-6,경기북부,경기도,남양주시,37.652818,127.315561,읍면동,,,
대전 2 Sub-hub,서브허브,대전 동구 안골로 33 5층,대전,대전광역시,동구,36.331842,127.448698,시군구,,,
대전 3 Sub-hub,서브허브,세종특별자치시 부강면 문곡리 135-1,대전 세종,세종특별자치시,세종시,36.523939,127.378559,읍면동,,,
동대구 1 Sub-hub,서브허브,대구광역시 수성구 알파시티1로 255,경북 대구,대구광역시,수성구,35.842032,128.639093,시군구,,,
동대구 2 Sub-hub,서브허브,대구 수성구 알파시티1로 255 5층,경북 대구,대구광역시,수성구,35.842032,128.639093,시군구,,,
동대구3 Cluster Hub,서브허브,대구시 동구 용계동 662-1,경북 대구,대구광역시,동구,35.890189,128.660184,시군구,,,
동인천 1 Sub-hub,서브허브,경기도 부천시 신흥로511번길 80 쿠팡 인천1캠프 4층,경기남부,경기도,부천시오정구,37.527525,126.799439,시군구,,,
동인천2 Sub-hub,서브허브,인천광역시 검단구 드림로 700,인천,인천광역시,검단구,37.541291,126.667512,시군구,,,
동탄 1 Sub-hub,서브허브,경기도 화성시 동탄물류로 48 B블럭 (B동) 2층,경기남부,경기도,화성시,37.187952,126.965189,시군구,,,
부산 1 Sub-hub,서브허브,부산광역시 해운대구 반여동 1486-10,부산,부산광역시,해운대구,35.195494,129.135042,읍면동,,,
부산 2 Sub-hub,서브허브,부산광역시 강서구 화전동 559,부산,부산광역시,강서구,35.131080,128.900440,시군구,,,
부산 5 Sub-hub,서브허브,부산광역시 기장군 장안읍 반룡리 836-1,부산,부산광역시,기장군,35.349566,129.247088,읍면동,,,
부천3 Cluster Hub,서브허브,경기 부천시 오정구 신흥로511번길 80 (C2 게이트 M2층 클러스터 휴게실),경기남부,경기도,부천시오정구,37.527525,126.799439,시군구,,,
북김해 1 Sub-hub,서브허브,경상남도 김해시 안동 163-2 외 4필지 김해복합물류센터 5층,경남,경상남도,김해시,35.247151,128.855028,시군구,,,
서대구 1 Sub-hub,서브허브,경상북도 칠곡군 왜관읍 낙산리 산7-10(보병1길 66),경북 대구,경상북도,칠곡군,35.977306,128.424765,읍면동,,,
서부산 1 Sub-hub,서브허브,부산광역시 서구 암남동 633-26 (원양로 203),부산,부산광역시,서구,35.069984,129.014415,읍면동,,,
서초 1 Sub-hub,서브허브,서울특별시 서초구 양재동 222(양재대로12길 18),서울,서울특별시,서초구,37.469558,127.022531,읍면동,,,
송파 1 Sub-hub,서브허브,서울시 송파구 송파대로 55,서울,서울특별시,송파구,37.504277,127.116966,시군구,,,
송파 3 Sub-hub,서브허브,서울시 송파구 송파대로 55,서울,서울특별시,송파구,37.504277,127.116966,시군구,,,
시흥 2 Sub-hub,서브허브,경기도 시흥시 도창동 산35-6,경기남부,경기도,시흥시,37.381582,126.769996,시군구,,,
안산 1 Sub-hub,서브허브,경기도 시흥시 정왕동 2123-3 8층,경기남부,경기도,시흥시,37.345505,126.706348,읍면동,,,
안양 1 Sub-hub,서브허브,경기도 안양시 동안구 관양동 934 5층,경기남부,경기도,안양시동안구,37.410999,126.964006,읍면동,,,
야탑 1 Sub-hub,서브허브,경기도 성남시 분당구 야탑동 403,경기남부,경기도,성남시분당구,37.413060,127.126032,읍면동,,,
야탑 2 Sub-hub,서브허브,경기도 성남시 분당구 야탑동 403,경기남부,경기도,성남시분당구,37.413060,127.126032,읍면동,,,
양주 2 Sub-hub,서브허브,경기도 양주시 광사동 313-34,경기북부,경기도,양주시,37.820287,127.033381,시군구,,,
울산 1 Sub-hub,서브허브,울산광역시 북구 진장동 1047-4 (진장유통1로 45),울산,울산광역시,북구,35.598025,129.373990,시군구,,,
울산 2 Sub-hub,서브허브,울산광역시 남구 두왕동 765-1,울산,울산광역시,남구,35.531856,129.313826,시군구,,,
인천 2 Sub-hub,서브허브,인천광역시 남동구 논현고잔로 87,인천,인천광역시,남동구,37.445450,126.722522,시군구,,,
인천 3 Sub-hub,서브허브,"인천광역시 서구 원창동 394-20, 6층",인천,인천광역시,서해구,37.541291,126.667512,시군구,,,
인천 7 Sub-hub,서브허브,경기도 부천시 신흥로511번길 80 쿠팡 인천7캠프 M2층,경기남부,경기도,부천시오정구,37.527525,126.799439,시군구,,,
일산 1 Sub-hub,서브허브,경기도 파주시 상지석동 190-62 1층 헬퍼사무실,경기북부,경기도,파주시,37.792734,126.784554,시군구,,,
일산 2 Sub-hub,서브허브,경기도 김포시 고촌읍 전호리 743 켄달스퀘어 4층 (캠프 옥상 주차 불가능),경기남부,경기도,김포시,37.606561,126.763324,읍면동,,,
일산 3 Sub-hub,서브허브,경기도 고양시 덕양구 원흥동 701,경기북부,경기도,고양시덕양구,37.642104,126.858532,시군구,,,
일산 5 Sub-hub,서브허브,경기도 고양시 덕양구 오금동 687,경기북부,경기도,고양시덕양구,37.642104,126.858532,시군구,,,
전주 1 Sub-hub,서브허브,전북특별자치도 완주군 봉동읍 둔산리 924-31(완주산단2로 282-22),전북,전북특별자치도,완주군,35.950181,127.137852,읍면동,,,
제주 1 Sub-hub,서브허브,"제주특별자치도 제주시 애월읍 장전리 1363-9, 1층",제주,제주특별자치도,제주시,33.410865,126.394018,읍면동,,,
창원 1 Sub-hub,서브허브,경상남도 창원시 의창구 팔용동 39-15,경남,경상남도,창원시의창구,35.283603,128.651570,시군구,,,
천안 1 Sub-hub,서브허브,충청남도 아산시 음봉면 송촌리 416(음봉로 232),충남,충청남도,아산시,36.857980,127.047906,읍면동,,,
청주 1 Sub-hub,서브허브,충청북도 진천군 초평면 은암리 406-8,충북,충청북도,진천군,36.829850,127.531055,읍면동,,,
화성 1 Sub-hub,서브허브,화성시 정남면 제기리 183,경기남부,경기도,화성시,37.161619,126.986225,읍면동,,,
F논현 캠프,캠프,서울특별시 강남구 학동로33길 8,서울,서울특별시,강남구,37.498958,127.057882,시군구,,,
감일 캠프,캠프,경기도 하남시 감일동 3-3,경기남부,경기도,하남시,37.502032,127.162170,읍면동,,,
감전 모바일 캠프,캠프,부산광역시 사상구 감전동 163-1,부산,부산광역시,사상구,35.149208,128.977380,읍면동,,,
강서 1 캠프,캠프,서울특별시 강서구 가양동 449-9,서울,서울특별시,강서구,37.571913,126.834985,읍면동,,,
계룡 모바일 캠프,캠프,충청남도 계룡시 두마면 왕대리 271,충남,충청남도,계룡시,36.252828,127.260612,읍면동,,,
구도 모바일 캠프,캠프,대전 동구 안골로 33,대전,대전광역시,동구,36.331842,127.448698,시군구,,,
구로 1 캠프,캠프,서울특별시 구로구 경인로 110 (오류동 121),서울,서울특별시,구로구,37.496964,126.841634,읍면동,,,
구리2 모바일 캠프,캠프,서울시 성동구 아차산로 143 (주차 불가),서울,서울특별시,성동구,37.552652,127.038583,시군구,,,
구미1 모바일 캠프,캠프,경상북도 구미시 화신로 62(광평동 423-4),경북,경상북도,구미시,36.109329,128.357717,읍면동,,,
금사동 모바일 캠프,캠프,부산광역시 금정구 공단동로41번길 21,부산,부산광역시,금정구,35.241931,129.092175,시군구,,,
김해 2 모바일 캠프,캠프,경상남도 김해시 부곡동 98-3,경남,경상남도,김해시,35.247151,128.855028,시군구,,,
내서 모바일 캠프,캠프,경상남도 창원시 마산회원구 내서읍 중리 633 (중리공단로6길 20),경남,경상남도,창원시마산회원구,35.230664,128.513465,읍면동,,,
논현 모바일 캠프,캠프,서울특별시 강남구 논현동 89,서울,서울특별시,강남구,37.511909,127.026496,읍면동,,,
농소 모바일 캠프,캠프,청주시 청원구 오창읍 양청농소길 95,충북,충청북도,청주시청원구,36.733236,127.421314,읍면동,,,
뇌조리 모바일 캠프,캠프,경기도 파주시 조리읍 뇌조로108번길 171 (주차가능),경기북부,경기도,파주시,37.750423,126.823075,읍면동,,,
당진 모바일 캠프,캠프,충남 당진시 송악읍 신평로 1331,충남,충청남도,당진시,36.926664,126.739633,읍면동,,,
당하동 모바일 캠프,캠프,인천광역시 서구 드림로 700 (켄달스퀘어 5층 제일 안쪽 코어),인천,인천광역시,검단구,37.541291,126.667512,시군구,,,
대전3 모바일 캠프,캠프,청주시 서원구 현도면 상삼리 202,대전 / 세종,충청북도,청주시서원구,36.489446,127.434542,읍면동,,,
대정 모바일 캠프,캠프,대전광역시 유성구 대정동 302-1,대전,대전광역시,유성구,36.375972,127.336971,시군구,,,
대화 모바일 캠프,캠프,대전광역시 대덕구 대화동 262-1,대전,대전광역시,대덕구,36.368755,127.407473,읍면동,,,
동림동 모바일 캠프,캠프,광주광역시 북구 하남대로 599(동림동 900-13),광주,광주광역시,북구,35.181094,126.859090,읍면동,,,
동삼 모바일 캠프,캠프,부산광역시 영도구 동삼동 201-80,부산,부산광역시,영도구,35.075115,129.067388,읍면동,,,
동탄 2 캠프,캠프,"경기도 평택시 서탄면 수월암리 2021, 1동 2층",경기남부,경기도,평택시,37.101806,127.021807,읍면동,,,
두동 모바일 캠프,캠프,경상남도 창원시 진해구 웅동로185,경남,경상남도,창원시진해구,35.143930,128.709971,시군구,,,
마곡동 모바일 캠프,캠프,서울특별시 강서구 양천로47길 54(마곡동 8-1),서울,서울특별시,강서구,37.554163,126.841170,시군구,,,
망미 모바일 캠프,캠프,부산광역시 수영구 구락로 142,부산,부산광역시,수영구,35.160667,129.112459,시군구,,,
망원동 모바일 캠프,캠프,서울특별시 영등포구 당산동3가 555-3,서울,서울특별시,영등포구,37.512843,126.905373,시군구,,,
밀크런 캠프(김포),캠프,경기도 김포시 고촌읍 아라육로 37 쿠팡 밀크런 김포 집화센터 1층,경기남부,경기도,김포시,37.606561,126.763324,읍면동,,,
밀크런 캠프(동대구3),캠프,대구광역시 동구 화랑로 584 동대구화물터미널,대구,대구광역시,동구,35.890189,128.660184,시군구,,,
밀크런 캠프(부천),캠프,경기 부천시 오정구 신흥로511번길 80,경기남부,경기도,부천시오정구,37.527525,126.799439,시군구,,,
밀크런 캠프(인천),캠프,인천광역시 서구 북항로 120번길 55 1F B동 51번 도크 방향,경기남부,인천광역시,서해구,37.541291,126.667512,시군구,,,
밀크런 캠프(천안),캠프,충남 천안시 동남구 성남면 대흥1길 138,충남,충청남도,천안시동남구,36.732203,127.236584,읍면동,,,
봉무동 모바일 캠프,캠프,대구광역시 동구 봉무동 1563-2,대구,대구광역시,동구,35.890189,128.660184,시군구,,,
부산 4 캠프 모바일 캠프,캠프,부산광역시 영도구 청학동 1-223 부산4캠프,부산,부산광역시,영도구,35.095767,129.056638,읍면동,,,
사계 모바일 캠프,캠프,제주도 서귀포시 안덕면 향교로 207 1층,제주,제주특별자치도,서귀포시,33.292202,126.347650,읍면동,,,
삼동 모바일 캠프,캠프,경기도 의왕시 삼동 715,경기남부,경기도,의왕시,37.362443,126.982478,시군구,,,
상계동 모바일 캠프,캠프,서울특별시 노원구 상계동 1037(수락산로 222-10),서울,서울특별시,노원구,37.683238,127.065296,읍면동,,,
상서 모바일 캠프,캠프,대전 대덕구 상서당1길 34,대전,대전광역시,대덕구,36.393524,127.430432,시군구,,,
서산 모바일 캠프,캠프,충남 서산시 탑곡리 345-20,충남,충청남도,서산시,36.784155,126.463861,시군구,,,
서운동 모바일 캠프,캠프,인천광역시 계양구 서운동 55-120,인천,인천광역시,계양구,37.542583,126.729021,시군구,,,
서재리 모바일 캠프,캠프,대구광역시 달성군 다사읍 서재본길 43(서재리 525),대구,대구광역시,달성군,35.871997,128.466017,읍면동,,,
서초 모바일 캠프,캠프,서울특별시 서초구 서초동 1359-8,서울,서울특별시,서초구,37.486955,127.020138,읍면동,,,
설문동 모바일 캠프,캠프,경기도 고양시 일산동구 고봉로678번길 41 (주차가능),경기북부,경기도,고양시일산동구,37.665959,126.787716,시군구,,,
성동 캠프,캠프,서울시 성동구 뚝섬로1길38 (뚝섬역 도보 3분) (주차불가),서울,서울특별시,성동구,37.552652,127.038583,시군구,,,
성수A 캠프,캠프,서울시 성동구 성수이로 149 (무료 주차 가능),서울,서울특별시,성동구,37.552652,127.038583,시군구,,,
성수B 캠프,캠프,서울시 성동구 성수동2가 277-14번지 (무료 주차 가능),서울,서울특별시,성동구,37.552652,127.038583,시군구,,,
성수C 캠프,캠프,서울시 성동구 성수동2가 19-15 (건대입구역 도보 8분) (주차 불가),서울,서울특별시,성동구,37.552652,127.038583,시군구,,,
성수D 캠프,캠프,서울시 성동구 광나루로6길 54 (주차 불가),서울,서울특별시,성동구,37.552652,127.038583,시군구,,,
성수E 캠프,캠프,서울시 성동구 아차산로5길 23 (주차 불가),서울,서울특별시,성동구,37.552652,127.038583,시군구,,,
성수동 캠프,캠프,서울시 성동구 아차산로13길48 (성수역 도보 10분) (주차 불가),서울,서울특별시,성동구,37.552652,127.038583,시군구,,,
성읍 모바일 캠프,캠프,제주도 서귀포시 번영로 2517 1층,제주,제주특별자치도,서귀포시,33.291199,126.548162,시군구,,,
송촌 모바일 캠프,캠프,충남 아산시 음봉면 음봉로 232-1,충남,충청남도,아산시,36.857980,127.047906,읍면동,,,
송하동 모바일 캠프,캠프,광주광역시 남구 송하동 254-1,광주,광주광역시,남구,35.127596,126.898447,시군구,,,
수유동 모바일 캠프,캠프,서울특별시 강북구 수유동 565-2,서울,서울특별시,강북구,37.629927,127.008839,읍면동,,,
시흥 모바일 캠프,캠프,경기도 성남시 수정구 대왕판교로 905,경기남부,경기도,성남시수정구,37.446470,127.132378,시군구,,,
식사동 모바일 캠프,캠프,경기도 고양시 일산동구 식사동 604-1 (주차가능),경기북부,경기도,고양시일산동구,37.678889,126.816027,읍면동,,,
아산 모바일 캠프,캠프,충남 천안시 풍세면 미죽로 438,대전충남,충청남도,천안시동남구,36.737739,127.122961,읍면동,,,
안동 모바일 캠프,캠프,경상남도 김해시 안동 163-2,경남,경상남도,김해시,35.247151,128.855028,시군구,,,
안성 모바일 캠프,캠프,경기도 안성시 미양면 개정리 109-2,충남 / 경기남부,경기도,안성시,36.969399,127.224614,읍면동,,,
양재A 캠프,캠프,서울특별시 서초구 양재대로173,서울,서울특별시,서초구,37.488894,127.011011,시군구,,,
양재B 캠프,캠프,서울특별시 서초구 양재대로12길25 (주차 불가),서울,서울특별시,서초구,37.488894,127.011011,시군구,,,
양재C 캠프,캠프,서울특별시 서초구 양재대로12길25 (주차 불가),서울,서울특별시,서초구,37.488894,127.011011,시군구,,,
양재D 캠프,캠프,서울특별시 서초구 양재대로12길25 (주차 불가),서울,서울특별시,서초구,37.488894,127.011011,시군구,,,
양주 1 모바일 캠프,캠프,경기도 양주시 고암동 346-1,경기북부,경기도,양주시,37.820287,127.033381,시군구,,,
양주 2 모바일 캠프,캠프,경기도 양주시 고암동 346-1,경기북부,경기도,양주시,37.820287,127.033381,시군구,,,
양주 3 캠프,캠프,경기도 양주시 광사동 313-34 쿠팡 양주3캠프,경기북부,경기도,양주시,37.820287,127.033381,시군구,,,
양평동 A 모바일 캠프,캠프,서울특별시 영등포구 양평동6가 12,서울,서울특별시,영등포구,37.512843,126.905373,시군구,,,
양평동 B 모바일 캠프,캠프,서울시 영등포구 양평동4가 15-3,서울,서울특별시,영등포구,37.512843,126.905373,시군구,,,
양평동 C 모바일 캠프,캠프,서울특별시 영등포구 양평동4가 21-2,서울,서울특별시,영등포구,37.512843,126.905373,시군구,,,
양평동 D 모바일 캠프,캠프,서울시 영등포구 양평동 6가 9-1,서울,서울특별시,영등포구,37.525074,126.887073,읍면동,,,
연암 모바일 캠프,캠프,울산광역시 북구 연암동 933,울산,울산광역시,북구,35.598025,129.373990,시군구,,,
염포 모바일 캠프,캠프,울산광역시 북구 효문동 669,울산,울산광역시,북구,35.569711,129.373187,읍면동,,,
영종도 캠프,캠프,"인천광역시 중구 운북동 1328-1 (아레나스 영종), 5층 A16~20 Dock",인천,인천광역시,영종구,37.471411,126.572639,시군구,,,
오류동 모바일 캠프,캠프,서울특별시 구로구 오류동 123(경인로 110),서울,서울특별시,구로구,37.496964,126.841634,읍면동,,,
옥산동 B2 모바일 캠프,캠프,경상북도 경산시 옥산동 323-26,경북,경상북도,경산시,35.831831,128.778256,시군구,,,
옥산동 B4 모바일 캠프,캠프,경상북도 경산시 옥산동 323-26,경북,경상북도,경산시,35.831831,128.778256,시군구,,,
용계동 모바일 캠프,캠프,대구광역시 동구 화랑로100길 41(용계동 486),대구,대구광역시,동구,35.890189,128.660184,시군구,,,
용인 2 캠프,캠프,경기 화성시 황계동 102-7,경기남부,경기도,화성시,37.187952,126.965189,시군구,,,
용인 3 캠프,캠프,경기도 용인시 수지구 동천동 851 쿠팡 용인3캠프,경기남부,경기도,용인시수지구,37.350253,127.057142,읍면동,,,
우암 모바일 캠프,캠프,부산광역시 남구 우암로 245 (우암동250번지),부산,부산광역시,남구,35.128449,129.089813,시군구,,,
원주 캠프,캠프,강원 원주시 흥업면 사제리 220-1 (무료 주차 가능),강원,강원특별자치도,원주시,37.285904,127.897104,읍면동,,,
음봉 모바일 캠프,캠프,충남 아산시 음봉면 음봉로 232,충남,충청남도,아산시,36.857980,127.047906,읍면동,,,
읍내 모바일 캠프,캠프,대전 대덕구 읍내동154-3,대전,대전광역시,대덕구,36.393524,127.430432,시군구,,,
인천 4 모바일 캠프,캠프,경기도 부천시 오정구 신흥로 511번길 80,경기남부,경기도,부천시오정구,37.527525,126.799439,시군구,,,
인천 5 모바일 캠프,캠프,인천광역시 서구 원창동 489-2 2층 (캠프사무실로 출근),인천,인천광역시,서해구,37.541291,126.667512,시군구,,,
인천 6 모바일 캠프,캠프,인천광역시 미추홀구 도화동 985-1 (2층),인천,인천광역시,미추홀구,37.462172,126.669188,읍면동,,,
일산 4 모바일 캠프,캠프,경기도 김포시 고촌읍 전호리 701 티제이 물류센터 1층,경기남부,경기도,김포시,37.606561,126.763324,읍면동,,,
일산 6 모바일 캠프,캠프,경기도 김포시 고촌읍 전호리 743 A동 4층,경기남부,경기도,김포시,37.606561,126.763324,읍면동,,,
일산 8 모바일 캠프,캠프,경기 김포시 고촌읍 아라육로230번길 16,경기남부,경기도,김포시,37.606561,126.763324,읍면동,,,
임동 모바일 캠프,캠프,광주광역시 북구 임동 122-1,광주,광주광역시,북구,35.163785,126.893697,읍면동,,,
장록동 모바일 캠프,캠프,광주광역시 광산구 장록동 751-6,광주,광주광역시,광산구,35.168281,126.795258,시군구,,,
장성동 모바일 캠프 (광주 1),캠프,전라남도 장성군 남면 삼태리 854-1,전남,전라남도,장성군,35.243454,126.798048,읍면동,,,
장천동 모바일 캠프,캠프,경상남도 창원시 진해구 장천동 782-69 (주차가능),경남,경상남도,창원시진해구,35.143930,128.709971,시군구,,,
중구 캠프,캠프,서울시 중구 통일로4길 27 (서대문역 도보 3분) (주차 불가),서울,서울특별시,중구,37.560420,127.000425,시군구,,,
중동 모바일 캠프,캠프,부산광역시 해운대구 중동 300-1,부산,부산광역시,해운대구,35.163811,129.169556,읍면동,,,
중리동 모바일 캠프,캠프,대구광역시 서구 중리동 1165-14,대구,대구광역시,서구,35.874259,128.561463,시군구,,,
진량 모바일 캠프,캠프,경상북도 경산시 진량읍 선화리 170(일연로 621),경북,경상북도,경산시,35.870500,128.834844,읍면동,,,
진주 모바일 캠프,캠프,경남 사천시 축동면 탑리 927-1,경남,경상남도,사천시,35.106255,128.059132,읍면동,,,
진천 모바일 캠프,캠프,충북 진천군 초평면 은암리 406-8,충북,충청북도,진천군,36.829850,127.531055,읍면동,,,
창천동 모바일 캠프,캠프,서울특별시 마포구 창전로 71(창전동 141-1),서울,서울특별시,마포구,37.553348,126.924902,시군구,,,
청천동 모바일 캠프,캠프,인천광역시 부평구 안남로 369번길 18,인천,인천광역시,부평구,37.497513,126.720899,시군구,,,
초읍 모바일 캠프,캠프,부산광역시 부산진구 성지로 136,부산,부산광역시,부산진구,35.160882,129.045346,시군구,,,
초이동 캠프,캠프,경기 하남시 초이동 415-15 (무료 주차 가능),경기남부,경기도,하남시,37.534212,127.173384,읍면동,,,
충주 모바일 캠프,캠프,"충북 충주시 중앙탑면 가흥리 287-2, M_충주1캠프",충북,충청북도,충주시,37.037099,127.851213,읍면동,,,
팔용동 모바일 캠프,캠프,경상남도 창원시 의창구 팔용동 14-6,경남,경상남도,창원시의창구,35.283603,128.651570,시군구,,,
포항 모바일 캠프,캠프,포항시 남구 일월동 190-76,경북,경상북도,포항시남구,35.993641,129.406431,시군구,,,
풍산 캠프,캠프,경기도 하남시 풍산동 598-3,경기남부,경기도,하남시,37.533261,127.193358,시군구,,,
학천 모바일 캠프,캠프,청주시 흥덕구 강내면 청주역로 231,충북,충청북도,청주시흥덕구,36.598754,127.360452,읍면동,,,
한강로 캠프,캠프,서울시 용산구 한강대로21나길 10 (용산역 도보 5분) (무료주차가능),서울,서울특별시,용산구,37.534748,126.976366,시군구,,,
합성 모바일 캠프,캠프,경상남도 창원시 마산회원구 합성동 132-8,경남,경상남도,창원시마산회원구,35.248565,128.575660,읍면동,,,
합정동 모바일 캠프,캠프,서울특별시 마포구 합정동 359-1,서울,서울특별시,마포구,37.546908,126.909336,읍면동,,,
향양리 모바일 캠프,캠프,경기도 파주시 파주읍 향양리 320 (주차가능),경기북부,경기도,파주시,37.828230,126.815381,읍면동,,,
호원동 모바일 캠프,캠프,경기도 의정부시 호원동 284-1(호암로 213),경기북부,경기도,의정부시,37.706587,127.036720,읍면동,,,
회동동 모바일 캠프,캠프,부산광역시 금정구 회동동 148-1,부산,부산광역시,금정구,35.241931,129.092175,시군구,,,
LX 판토스 인천센터,기타,인천 중구 공항동로296번길 98-30,인천,인천광역시,영종구,37.471411,126.572639,시군구,,,
인천세관본부,기타,인천광역시 중구 운서동 2842-7,인천,인천광역시,영종구,37.470201,126.452012,읍면동,,,
허브넷(세관),기타,인천광역시 중구 운서동 2842-7,인천,인천광역시,영종구,37.470201,126.452012,읍면동,,,
